ID,Group,Variability_Profile,sIgA_Level_Profile_Morning,sIgA_Level_Profile_Afternoon,sIgA-Change,Attachment_binary,Cortisol (pg/mL),Gender,sIgA_Average_Morning,sIgA_Average_Afternoon,sIgA_Average_Difference,sIgA_Average_Morning_log,sIgA_Average_Afternoon_log,sIgA_Average_Difference_log,Attachment,Cortisol_Level
1,Insecure - Male,Low/Moderate,Low sIgA,Low sIgA,No Change,1,5.62,Male,21.765240043657748,28.3680551807623,6.602815137104551,3.077295908563406,3.338237063820958,0.2609411552575524,Insecure,Low
5,Secure - Female,Low/Moderate,Moderate sIgA,Moderate sIgA,Decrease,0,2.28,Female,161.424693154126,46.8679513352195,-114.5567418189065,5.084038737653521,3.847334101468328,-1.2367046361851934,Secure,Low
7,Insecure - Female,Low/Moderate,Low sIgA,Moderate sIgA,Increase,1,1.83,Female,24.1734871598801,35.942377535417,14.343241132966202,3.179553488538569,3.5819170320727207,0.4023635435341517,Insecure,Low
16,Secure - Female,Low/Moderate,Moderate sIgA,Moderate sIgA,No Change,0,3.59,Female,57.47695546312456,73.89193560860996,16.4149801454854,3.974519174264354,4.178677005430649,0.2041578311662952,Secure,Low
23,Secure - Female,Low/Moderate,Moderate sIgA,Moderate sIgA,No Change,0,4.76,Female,80.82488360176575,47.6328424349152,-33.192041166850544,4.392023137563971,3.846882579166934,-0.545140558397037,Secure,Low
27,Secure - Female,Low/Moderate,Moderate sIgA,Moderate sIgA,No Change,0,2.26,Female,43.63735983694384,37.7591865815847,-15.388331498602298,3.7515830870861393,3.63122879924402,-0.1203542878421197,Secure,Low
32,Secure - Male,Low/Moderate,Moderate sIgA,Moderate sIgA,No Change,0,22.75,Male,32.5653261578278,44.61106917490955,12.045743017081756,3.4175198205161434,3.749981149201988,0.3324613286858442,Secure,High
63,Insecure - Male,Low/Moderate,Low sIgA,Low sIgA,No Change,1,7.08,Male,26.219625628506,20.0664217452762,-6.1532038832298,3.2629513181531165,2.995264033525755,-0.2676872846273612,Insecure,Low
